요일별(1),시간대별(1),월별(1),2022,2022,2022,2023,2023,2023,2024,2024,2024
요일별(1),시간대별(1),월별(1),사고건수 (건),사망자수 (명),부상자수 (명),사고건수 (건),사망자수 (명),부상자수 (명),사고건수 (건),사망자수 (명),부상자수 (명)
일,00시-02시,전체,1208,21,1891,1182,37,1842,1075,7,1628
일,00시-02시,1월,79,1,126,127,2,212,76,0,119
일,00시-02시,2월,48,0,68,93,5,139,83,0,135
일,00시-02시,3월,70,0,107,85,2,126,105,0,171
일,00시-02시,4월,113,1,183,112,2,180,86,0,130
일,00시-02시,5월,139,1,221,94,2,144,88,0,139
일,00시-02시,6월,108,1,196,92,5,159,121,2,183
일,00시-02시,7월,134,4,201,95,6,134,81,1,104
일,00시-02시,8월,92,5,149,81,3,120,57,2,84
일,00시-02시,9월,80,4,119,86,4,147,117,1,178
일,00시-02시,10월,136,1,200,108,2,156,83,0,119
일,00시-02시,11월,101,3,149,92,2,139,85,0,132
일,00시-02시,12월,108,0,172,117,2,186,93,1,134
일,02시-04시,전체,664,24,949,783,23,1163,634,30,924
일,02시-04시,1월,27,0,41,72,1,104,47,0,74
일,02시-04시,2월,23,0,31,46,1,63,59,0,83
일,02시-04시,3월,25,1,39,67,3,94,58,3,79
일,02시-04시,4월,39,3,50,62,2,96,36,4,56
일,02시-04시,5월,86,5,124,57,1,84,41,2,67
일,02시-04시,6월,63,3,85,65,2,104,70,1,101
일,02시-04시,7월,101,3,160,75,2,106,61,7,79
일,02시-04시,8월,47,1,63,84,4,112,47,5,65
일,02시-04시,9월,56,0,82,70,2,102,62,3,95
일,02시-04시,10월,76,2,98,65,3,104,46,1,67
일,02시-04시,11월,76,5,107,57,0,83,48,3,78
일,02시-04시,12월,45,1,69,63,2,111,59,1,80
일,04시-06시,전체,541,21,765,589,21,885,597,18,852
일,04시-06시,1월,17,2,27,51,1,87,42,1,61
일,04시-06시,2월,15,2,14,43,1,70,50,2,65
일,04시-06시,3월,19,0,26,49,0,73,65,2,79
일,04시-06시,4월,29,4,28,61,1,99,51,1,74
일,04시-06시,5월,68,2,97,42,0,69,49,3,68
일,04시-06시,6월,47,0,72,53,4,60,66,3,96
일,04시-06시,7월,68,3,91,58,4,81,34,0,46
일,04시-06시,8월,52,1,81,32,2,39,40,0,58
일,04시-06시,9월,49,1,65,52,5,73,59,2,86
일,04시-06시,10월,83,2,132,62,2,103,38,1,59
일,04시-06시,11월,51,3,72,45,1,67,42,0,56
일,04시-06시,12월,43,1,60,41,0,64,61,3,104
일,06시-08시,전체,623,18,884,729,24,1012,677,20,907
일,06시-08시,1월,43,2,64,68,3,96,37,2,52
일,06시-08시,2월,30,1,37,40,1,45,38,0,49
일,06시-08시,3월,30,0,39,44,0,71,58,1,75
일,06시-08시,4월,53,1,79,62,3,79,57,0,69
일,06시-08시,5월,80,2,113,41,0,75,50,2,69
일,06시-08시,6월,56,3,81,67,4,98,52,1,69
일,06시-08시,7월,55,2,79,71,3,102,70,3,100
일,06시-08시,8월,58,2,84,64,0,86,68,2,85
일,06시-08시,9월,43,1,71,64,3,82,74,1,92
일,06시-08시,10월,76,3,101,81,0,114,51,1,66
일,06시-08시,11월,56,1,76,60,5,80,47,4,78
일,06시-08시,12월,43,0,60,67,2,84,75,3,103
일,08시-10시,전체,1132,26,1744,1227,24,1813,1342,22,2080
일,08시-10시,1월,69,0,131,80,0,115,73,0,110
일,08시-10시,2월,61,0,78,83,3,122,77,2,138
일,08시-10시,3월,63,0,87,84,2,141,111,2,186
일,08시-10시,4월,106,2,176,139,2,198,111,3,164
일,08시-10시,5월,131,4,206,103,3,170,131,2,211
일,08시-10시,6월,96,2,128,103,0,167,145,2,212
일,08시-10시,7월,112,2,169,94,2,124,91,2,134
일,08시-10시,8월,88,6,131,108,2,144,130,1,208
일,08시-10시,9월,97,0,159,118,2,165,143,5,238
일,08시-10시,10월,135,4,223,121,6,165,129,1,175
일,08시-10시,11월,89,5,126,101,1,157,82,0,128
일,08시-10시,12월,85,1,130,93,1,145,119,2,176
일,10시-12시,전체,2043,19,3335,2236,25,3703,2197,32,3477
일,10시-12시,1월,159,0,246,154,1,274,127,2,204
일,10시-12시,2월,122,2,204,128,1,195,123,1,222
일,10시-12시,3월,110,1,140,170,0,279,208,6,310
일,10시-12시,4월,155,3,254,254,5,408,194,6,297
일,10시-12시,5월,243,1,418,177,2,270,195,5,323
일,10시-12시,6월,159,2,266,156,1,247,259,3,402
일,10시-12시,7월,201,3,344,224,1,369,172,2,284
일,10시-12시,8월,172,0,273,181,1,331,174,1,294
일,10시-12시,9월,172,0,274,207,3,329,219,5,329
일,10시-12시,10월,216,4,367,230,3,381,171,1,260
일,10시-12시,11월,171,2,292,183,3,341,191,0,302
일,10시-12시,12월,163,1,257,172,4,279,164,0,250
일,12시-14시,전체,2762,30,4642,2841,23,4785,2728,25,4446
일,12시-14시,1월,225,1,377,215,0,394,183,1,303
일,12시-14시,2월,176,2,285,222,4,384,164,0,252
일,12시-14시,3월,165,2,242,229,2,338,285,4,443
일,12시-14시,4월,231,3,410,284,2,469,207,0,344
일,12시-14시,5월,323,3,524,252,1,417,238,2,429
일,12시-14시,6월,196,0,330,235,5,416,257,4,433
일,12시-14시,7월,266,1,471,267,1,419,194,2,308
일,12시-14시,8월,226,2,383,202,0,353,239,2,405
일,12시-14시,9월,227,3,430,230,1,401,296,4,510
일,12시-14시,10월,290,3,460,277,6,483,224,1,356
일,12시-14시,11월,239,3,393,183,1,302,221,3,342
일,12시-14시,12월,198,7,337,245,0,409,220,2,321
일,14시-16시,전체,2941,27,5071,2925,26,5020,2874,24,4875
일,14시-16시,1월,284,0,510,197,4,326,190,2,312
일,14시-16시,2월,206,2,348,180,0,308,164,4,302
일,14시-16시,3월,209,2,336,238,0,457,281,2,480
일,14시-16시,4월,267,2,439,322,4,534,220,0,345
일,14시-16시,5월,297,2,508,244,2,442,280,1,491
일,14시-16시,6월,206,2,357,249,2,418,268,2,435
일,14시-16시,7월,297,2,551,245,1,440,229,1,417
일,14시-16시,8월,190,4,336,239,4,415,192,3,349
일,14시-16시,9월,224,7,404,229,2,344,316,4,530
일,14시-16시,10월,289,3,499,306,5,526,206,3,360
일,14시-16시,11월,242,1,405,238,1,399,278,2,455
일,14시-16시,12월,230,0,378,238,1,411,250,0,399
일,16시-18시,전체,2741,31,4445,2715,28,4548,2734,26,4427
일,16시-18시,1월,227,0,329,170,0,263,157,4,282
일,16시-18시,2월,153,2,241,188,3,309,174,1,284
일,16시-18시,3월,171,3,263,201,4,315,235,1,395
일,16시-18시,4월,255,6,439,297,6,506,199,2,316
일,16시-18시,5월,354,3,572,224,1,359,248,1,422
일,16시-18시,6월,193,4,332,225,2,393,272,2,438
일,16시-18시,7월,257,1,425,216,0,401,234,1,349
일,16시-18시,8월,217,1,346,197,2,360,210,1,351
일,16시-18시,9월,210,3,335,229,5,365,284,3,482
일,16시-18시,10월,269,4,460,286,1,497,220,4,333
일,16시-18시,11월,229,1,376,220,2,353,262,4,425
일,16시-18시,12월,206,3,327,262,2,427,239,2,350
일,18시-20시,전체,2900,37,4363,2677,38,4142,2567,41,3863
일,18시-20시,1월,308,2,443,263,3,436,206,5,293
일,18시-20시,2월,196,4,286,209,4,353,182,2,276
일,18시-20시,3월,178,4,250,174,1,266,260,6,403
일,18시-20시,4월,196,4,282,230,1,349,182,2,295
일,18시-20시,5월,247,4,385,195,1,306,195,2,294
일,18시-20시,6월,188,0,281,197,1,299,215,2,290
일,18시-20시,7월,247,3,358,207,4,313,166,2,258
일,18시-20시,8월,210,2,336,185,2,290,169,4,259
일,18시-20시,9월,246,1,368,205,7,307,260,2,388
일,18시-20시,10월,360,3,552,302,2,465,243,4,365
일,18시-20시,11월,284,4,413,251,8,368,252,6,397
일,18시-20시,12월,240,6,409,259,4,390,237,4,345
일,20시-22시,전체,2309,37,3585,2158,23,3345,2026,26,2946
일,20시-22시,1월,278,8,434,172,1,344,115,2,168
일,20시-22시,2월,160,4,239,145,3,223,166,2,251
일,20시-22시,3월,144,3,211,147,0,240,182,3,258
일,20시-22시,4월,168,2,264,202,4,304,157,1,228
일,20시-22시,5월,234,2,358,226,1,372,231,8,354
일,20시-22시,6월,189,2,270,175,2,277,195,1,277
일,20시-22시,7월,259,3,422,221,2,308,132,1,202
일,20시-22시,8월,175,3,289,158,2,227,150,1,216
일,20시-22시,9월,186,3,275,185,1,271,216,3,300
일,20시-22시,10월,217,1,346,182,5,268,169,2,242
일,20시-22시,11월,144,1,243,171,1,244,159,0,234
일,20시-22시,12월,155,5,234,174,1,267,154,2,216
일,22시-24시,전체,1425,25,2103,1197,22,1687,1075,22,1552
일,22시-24시,1월,127,2,191,123,4,177,73,0,99
일,22시-24시,2월,110,0,156,77,2,111,102,3,148
일,22시-24시,3월,123,0,174,70,2,96,92,1,147
일,22시-24시,4월,111,2,186,123,3,170,88,2,146
일,22시-24시,5월,154,1,242,93,1,133,108,2,156
일,22시-24시,6월,117,0,171,94,1,143,123,4,178
일,22시-24시,7월,143,1,222,119,0,159,82,1,113
일,22시-24시,8월,96,4,139,89,2,114,69,1,95
일,22시-24시,9월,128,6,184,91,2,129,98,2,132
일,22시-24시,10월,148,5,206,105,2,146,69,0,98
일,22시-24시,11월,76,2,95,102,1,148,78,3,106
일,22시-24시,12월,92,2,137,111,2,161,93,3,134
월,00시-02시,전체,655,18,934,617,22,889,595,10,828
월,00시-02시,1월,42,0,68,55,3,85,77,3,110
월,00시-02시,2월,34,0,43,47,3,61,59,0,81
월,00시-02시,3월,34,0,43,35,2,51,35,0,51
월,00시-02시,4월,65,2,100,48,1,76,54,1,72
월,00시-02시,5월,68,2,95,63,2,92,55,2,74
월,00시-02시,6월,69,2,104,54,1,69,36,0,58
월,00시-02시,7월,49,3,70,70,4,105,55,0,85
월,00시-02시,8월,68,2,89,41,0,69,40,0,55
월,00시-02시,9월,70,1,114,34,1,47,58,3,84
월,00시-02시,10월,74,2,103,68,2,89,41,1,55
월,00시-02시,11월,45,3,62,48,3,62,38,0,51
월,00시-02시,12월,37,1,43,54,0,83,47,0,52
월,02시-04시,전체,369,16,499,374,15,523,338,11,477
월,02시-04시,1월,32,2,43,35,2,56,26,2,48
월,02시-04시,2월,11,0,13,27,3,32,32,0,43
월,02시-04시,3월,15,0,25,22,0,36,21,1,31
월,02시-04시,4월,22,1,30,16,0,24,27,1,37
월,02시-04시,5월,31,3,39,45,2,64,20,0,25
월,02시-04시,6월,51,2,72,22,0,27,30,0,39
월,02시-04시,7월,42,1,53,37,2,42,38,0,53
월,02시-04시,8월,32,2,42,32,1,40,27,0,47
월,02시-04시,9월,42,2,55,30,3,45,41,2,56
월,02시-04시,10월,51,1,74,45,0,75,24,2,31
월,02시-04시,11월,18,1,24,36,0,47,20,1,25
월,02시-04시,12월,22,1,29,27,2,35,32,2,42
월,04시-06시,전체,621,25,842,674,27,944,671,24,896
월,04시-06시,1월,32,3,53,57,2,75,59,3,88
월,04시-06시,2월,43,0,53,48,1,86,53,5,60
월,04시-06시,3월,30,2,36,46,1,58,52,1,73
월,04시-06시,4월,49,2,70,48,5,62,56,1,67
월,04시-06시,5월,57,4,79,51,2,69,40,0,50
월,04시-06시,6월,41,2,54,50,3,68,38,2,49
월,04시-06시,7월,45,3,55,65,1,92,66,2,90
월,04시-06시,8월,79,4,110,59,2,89,64,4,85
월,04시-06시,9월,61,2,84,61,1,81,63,2,94
월,04시-06시,10월,75,0,100,66,2,93,57,3,84
월,04시-06시,11월,57,1,79,70,3,107,55,0,77
월,04시-06시,12월,52,2,69,53,4,64,68,1,79
월,06시-08시,전체,1816,43,2447,1998,30,2785,2079,41,2830
월,06시-08시,1월,190,7,247,152,3,182,187,3,292
월,06시-08시,2월,129,1,185,166,2,222,146,2,181
월,06시-08시,3월,111,5,151,152,3,209,142,2,192
월,06시-08시,4월,159,2,225,143,1,204,206,3,277
월,06시-08시,5월,191,2,256,179,2,266,146,1,190
월,06시-08시,6월,136,3,195,155,3,210,176,0,238
월,06시-08시,7월,135,4,174,184,3,255,186,0,253
월,06시-08시,8월,165,3,226,154,3,215,165,2,269
월,06시-08시,9월,124,3,157,177,1,279,183,6,242
월,06시-08시,10월,168,3,222,151,2,204,177,9,234
월,06시-08시,11월,168,7,218,213,4,297,164,9,206
월,06시-08시,12월,140,3,191,172,3,242,201,4,256
월,08시-10시,전체,3400,36,4761,3667,42,5149,3832,44,5249
월,08시-10시,1월,284,2,408,247,5,337,270,4,378
월,08시-10시,2월,194,1,261,257,3,378,200,4,258
월,08시-10시,3월,251,1,324,320,2,436,268,1,359
월,08시-10시,4월,271,1,395,282,1,384,393,4,585
월,08시-10시,5월,401,7,545,312,6,439,285,3,401
월,08시-10시,6월,268,2,382,322,2,454,356,2,478
월,08시-10시,7월,318,2,433,340,4,467,373,3,500
월,08시-10시,8월,279,6,393,319,3,426,305,2,403
월,08시-10시,9월,248,2,363,370,6,525,364,7,512
월,08시-10시,10월,322,5,465,289,4,472,330,3,456
월,08시-10시,11월,302,6,405,361,4,494,345,7,475
월,08시-10시,12월,262,1,387,248,2,337,343,4,444
월,10시-12시,전체,2917,47,4162,3031,33,4281,3233,46,4474
월,10시-12시,1월,258,2,378,239,2,364,279,4,400
월,10시-12시,2월,210,0,315,202,5,276,180,1,280
월,10시-12시,3월,201,3,276,227,1,317,260,4,365
월,10시-12시,4월,237,4,319,237,1,353,321,5,452
월,10시-12시,5월,308,5,406,292,3,418,248,3,346
월,10시-12시,6월,208,5,314,237,4,336,244,4,319
월,10시-12시,7월,272,1,391,298,2,417,327,4,430
월,10시-12시,8월,272,2,414,289,3,398,272,5,408
월,10시-12시,9월,197,5,278,282,3,376,321,6,442
월,10시-12시,10월,306,5,461,267,0,373,243,2,335
월,10시-12시,11월,233,8,310,253,7,335,234,2,303
월,10시-12시,12월,215,7,300,208,2,318,304,6,394
월,12시-14시,전체,3049,22,4308,3209,35,4644,3072,41,4336
월,12시-14시,1월,278,2,408,256,1,357,253,2,358
월,12시-14시,2월,220,1,297,214,2,295,177,2,257
월,12시-14시,3월,193,0,254,235,4,339,243,3,321
월,12시-14시,4월,243,3,326,255,3,363,302,2,426
월,12시-14시,5월,327,6,445,308,3,433,237,5,341
월,12시-14시,6월,244,3,353,272,2,413,242,5,337
월,12시-14시,7월,266,1,359,324,5,489,266,3,372
월,12시-14시,8월,314,1,467,264,4,376,239,7,378
월,12시-14시,9월,207,2,314,260,3,374,313,4,451
월,12시-14시,10월,335,1,498,315,3,472,243,1,341
월,12시-14시,11월,215,1,303,258,1,344,272,3,368
월,12시-14시,12월,207,1,284,248,4,389,285,4,386
월,14시-16시,전체,3318,33,4780,3503,47,4940,3382,40,4739
월,14시-16시,1월,310,4,444,302,6,440,268,6,380
월,14시-16시,2월,248,3,366,222,5,319,198,2,281
월,14시-16시,3월,194,3,274,275,2,395,248,5,345
월,14시-16시,4월,300,2,422,273,2,370,335,4,480
월,14시-16시,5월,352,5,463,375,7,522,275,3,371
월,14시-16시,6월,270,3,394,309,1,419,265,3,355
월,14시-16시,7월,251,1,354,325,9,473,304,2,456
월,14시-16시,8월,287,4,476,285,3,395,255,3,343
월,14시-16시,9월,237,4,349,292,4,383,350,6,502
월,14시-16시,10월,354,2,527,336,3,494,264,0,375
월,14시-16시,11월,269,0,369,291,2,422,293,3,414
월,14시-16시,12월,246,2,342,218,3,308,327,3,437
월,16시-18시,전체,3729,40,5250,3968,31,5462,4008,45,5541
월,16시-18시,1월,290,3,400,288,3,406,320,6,467
월,16시-18시,2월,242,5,332,246,1,335,230,0,334
월,16시-18시,3월,208,0,279,299,3,394,298,5,407
월,16시-18시,4월,302,0,425,325,2,409,406,4,558
월,16시-18시,5월,438,6,603,429,2,638,297,5,417
월,16시-18시,6월,293,4,393,321,1,458,330,3,441
월,16시-18시,7월,327,2,482,387,3,536,369,5,483
월,16시-18시,8월,338,3,495,357,2,482,308,2,437
월,16시-18시,9월,276,4,388,327,2,447,394,3,527
월,16시-18시,10월,370,5,576,350,4,494,318,4,429
월,16시-18시,11월,355,6,479,331,2,454,315,4,451
월,16시-18시,12월,290,2,398,308,6,409,423,4,590
월,18시-20시,전체,3846,41,5238,3951,33,5484,3988,38,5202
월,18시-20시,1월,387,9,547,369,4,514,405,5,543
월,18시-20시,2월,273,3,369,312,1,419,268,7,361
월,18시-20시,3월,240,3,314,253,1,353,297,3,373
월,18시-20시,4월,277,2,397,287,3,395,328,2,427
월,18시-20시,5월,332,4,434,330,2,472,243,3,321
월,18시-20시,6월,240,2,335,274,1,389,285,2,355
월,18시-20시,7월,289,0,385,328,0,451,346,1,452
월,18시-20시,8월,322,7,427,266,2,352,257,2,327
월,18시-20시,9월,322,3,429,356,2,487,368,0,490
월,18시-20시,10월,434,2,612,399,10,527,386,5,507
월,18시-20시,11월,390,4,530,410,6,584,356,6,452
월,18시-20시,12월,340,2,459,367,1,541,449,2,594
월,20시-22시,전체,2543,40,3607,2301,30,3127,2252,43,3063
월,20시-22시,1월,305,3,456,175,2,245,184,2,243
월,20시-22시,2월,188,1,253,149,1,209,148,1,228
월,20시-22시,3월,127,2,173,173,2,232,204,3,263
월,20시-22시,4월,187,1,292,168,5,215,223,6,317
월,20시-22시,5월,242,2,330,243,1,325,172,3,242
월,20시-22시,6월,195,6,275,213,2,307,191,5,253
월,20시-22시,7월,188,0,265,229,2,298,229,12,306
월,20시-22시,8월,245,5,340,181,3,241,185,2,252
월,20시-22시,9월,224,5,310,191,2,260,231,4,323
월,20시-22시,10월,214,4,307,212,5,304,140,0,178
월,20시-22시,11월,224,2,337,189,2,239,151,2,203
월,20시-22시,12월,204,9,269,178,3,252,194,3,255
월,22시-24시,전체,1680,26,2364,1442,26,2041,1387,21,1900
월,22시-24시,1월,132,4,180,139,1,212,117,0,159
월,22시-24시,2월,130,2,172,96,0,137,99,3,143
월,22시-24시,3월,136,1,184,101,1,148,115,2,172
월,22시-24시,4월,143,3,215,99,1,158,131,3,161
월,22시-24시,5월,171,4,246,154,3,211,93,1,127
월,22시-24시,6월,113,2,172,144,3,206,106,1,146
월,22시-24시,7월,120,1,165,153,4,208,134,2,194
월,22시-24시,8월,188,3,248,102,4,154,103,1,137
월,22시-24시,9월,140,1,209,114,2,153,139,2,172
월,22시-24시,10월,167,2,235,120,2,156,119,3,158
월,22시-24시,11월,127,2,165,103,3,134,123,2,180
월,22시-24시,12월,113,1,173,117,2,164,108,1,151
화,00시-02시,전체,773,26,1140,800,19,1127,676,19,950
화,00시-02시,1월,37,4,45,85,0,116,61,1,92
화,00시-02시,2월,36,4,59,70,2,101,60,0,86
화,00시-02시,3월,34,1,54,48,0,66,32,0,46
화,00시-02시,4월,94,1,157,54,0,76,63,2,102
화,00시-02시,5월,78,4,110,69,3,106,44,2,69
화,00시-02시,6월,52,1,77,59,0,80,50,2,61
화,00시-02시,7월,65,2,87,72,3,102,57,1,82
화,00시-02시,8월,102,2,140,90,3,124,43,2,57
화,00시-02시,9월,66,2,97,62,1,85,54,4,75
화,00시-02시,10월,62,1,98,74,3,104,74,1,110
화,00시-02시,11월,92,4,134,53,3,74,56,0,70
화,00시-02시,12월,55,0,82,64,1,93,82,4,100
화,02시-04시,전체,421,15,598,431,14,553,401,12,540
화,02시-04시,1월,14,0,19,45,1,57,34,2,44
화,02시-04시,2월,9,1,10,23,0,31,25,1,36
화,02시-04시,3월,26,0,33,29,0,36,28,1,32
화,02시-04시,4월,45,2,62,33,4,39,31,0,39
화,02시-04시,5월,46,0,73,35,2,42,18,2,21
화,02시-04시,6월,37,2,56,37,1,48,23,1,36
화,02시-04시,7월,35,1,47,39,1,53,33,0,51
화,02시-04시,8월,53,2,71,51,1,65,42,1,52
화,02시-04시,9월,46,2,69,45,1,60,43,2,61
화,02시-04시,10월,28,1,40,44,1,56,54,0,74
화,02시-04시,11월,41,2,63,31,2,34,33,1,43
화,02시-04시,12월,41,2,55,19,0,32,37,1,51
화,04시-06시,전체,578,31,747,646,27,886,659,21,845
화,04시-06시,1월,34,3,45,56,4,70,53,2,69
화,04시-06시,2월,29,2,34,52,3,63,44,1,59
화,04시-06시,3월,47,3,60,45,1,60,61,2,83
화,04시-06시,4월,47,4,56,51,3,69,56,2,83
화,04시-06시,5월,52,3,77,49,3,78,41,0,50
화,04시-06시,6월,36,0,47,49,1,68,48,1,60
화,04시-06시,7월,56,5,67,48,2,55,48,0,60
화,04시-06시,8월,67,4,97,60,2,92,61,2,85
화,04시-06시,9월,44,3,57,73,3,108,47,4,56
화,04시-06시,10월,56,2,71,72,3,106,85,2,99
화,04시-06시,11월,66,1,87,55,2,70,64,1,84
화,04시-06시,12월,44,1,49,36,0,47,51,4,57
화,06시-08시,전체,1767,48,2401,1833,33,2479,2051,35,2776
화,06시-08시,1월,165,2,206,129,3,175,205,4,272
화,06시-08시,2월,99,3,143,117,3,144,163,6,208
화,06시-08시,3월,104,3,149,159,2,203,148,0,235
화,06시-08시,4월,132,6,183,129,0,187,167,0,228
화,06시-08시,5월,179,4,264,178,5,251,167,4,222
화,06시-08시,6월,141,4,176,104,1,137,167,1,222
화,06시-08시,7월,134,4,162,147,4,235,147,0,187
화,06시-08시,8월,142,3,199,167,1,228,142,1,190
화,06시-08시,9월,126,5,152,183,4,227,131,5,171
화,06시-08시,10월,152,3,212,177,3,218,194,2,270
화,06시-08시,11월,224,5,324,170,2,246,206,5,260
화,06시-08시,12월,169,6,231,173,5,228,214,7,311
화,08시-10시,전체,3516,32,4771,3652,29,5096,3791,32,5159
화,08시-10시,1월,240,1,318,270,2,397,271,3,398
화,08시-10시,2월,165,0,227,208,1,275,195,2,249
화,08시-10시,3월,229,3,306,278,4,378,302,1,427
화,08시-10시,4월,287,4,417,273,2,371,368,4,512
화,08시-10시,5월,434,4,571,429,4,611,342,5,443
화,08시-10시,6월,320,3,432,279,3,396,368,2,479
화,08시-10시,7월,275,1,377,296,4,398,356,2,487
화,08시-10시,8월,298,3,402,309,3,427,294,2,411
화,08시-10시,9월,266,2,333,326,2,442,301,4,442
화,08시-10시,10월,326,3,439,366,1,518,329,2,439
화,08시-10시,11월,347,5,457,355,2,513,318,1,407
화,08시-10시,12월,329,3,492,263,1,370,347,4,465
화,10시-12시,전체,2986,32,4234,2937,35,3973,3048,33,4233
화,10시-12시,1월,229,1,328,206,3,280,235,1,329
화,10시-12시,2월,163,4,254,214,2,289,184,2,244
화,10시-12시,3월,246,2,345,225,2,311,190,0,264
화,10시-12시,4월,254,2,360,199,4,290,335,4,450
화,10시-12시,5월,331,6,460,337,4,449,266,3,373
화,10시-12시,6월,222,4,321,227,3,297,264,4,367
화,10시-12시,7월,236,3,350,200,3,272,287,2,414
화,10시-12시,8월,292,2,393,305,2,418,255,4,359
화,10시-12시,9월,225,2,312,272,2,365,237,5,368
화,10시-12시,10월,259,3,381,292,6,374,292,3,399
화,10시-12시,11월,290,2,386,262,3,348,227,2,301
화,10시-12시,12월,239,1,344,198,1,280,276,3,365
화,12시-14시,전체,3086,38,4241,3197,28,4555,3052,25,4267
화,12시-14시,1월,263,1,364,253,1,358,244,3,338
화,12시-14시,2월,205,1,307,241,4,364,202,1,292
화,12시-14시,3월,255,2,380,225,3,309,198,1,261
화,12시-14시,4월,241,2,329,237,0,329,332,1,487
화,12시-14시,5월,317,5,425,343,4,509,225,4,314
화,12시-14시,6월,235,3,328,260,2,377,230,2,316
화,12시-14시,7월,221,3,315,269,3,373,285,2,405
화,12시-14시,8월,320,3,462,333,5,488,282,7,377
화,12시-14시,9월,245,4,310,253,2,364,236,2,380
화,12시-14시,10월,255,7,333,299,2,409,254,0,352
화,12시-14시,11월,318,5,402,248,1,355,251,2,331
화,12시-14시,12월,211,2,286,236,1,320,313,0,414
화,14시-16시,전체,3350,44,4705,3389,44,4726,3244,34,4614
화,14시-16시,1월,260,2,347,293,3,401,272,3,409
화,14시-16시,2월,203,0,308,216,6,290,207,3,289
화,14시-16시,3월,258,6,354,274,1,386,170,1,218
화,14시-16시,4월,224,1,305,225,5,316,327,1,456
화,14시-16시,5월,369,2,504,360,5,494,275,3,389
화,14시-16시,6월,264,3,363,250,3,340,281,6,389
화,14시-16시,7월,289,5,389,238,1,340,326,4,482
화,14시-16시,8월,309,3,461,333,2,526,268,3,380
화,14시-16시,9월,274,4,384,264,5,360,243,3,397
화,14시-16시,10월,327,1,468,365,6,495,282,1,372
화,14시-16시,11월,317,10,443,289,1,420,272,2,366
화,14시-16시,12월,256,7,379,282,6,358,321,4,467
화,16시-18시,전체,3980,51,5550,4058,35,5592,4183,44,5688
화,16시-18시,1월,245,8,349,267,2,392,326,4,468
화,16시-18시,2월,198,0,299,260,1,344,233,2,320
화,16시-18시,3월,344,5,498,346,2,462,301,0,404
화,16시-18시,4월,295,2,398,272,1,409,406,0,552
화,16시-18시,5월,454,4,603,483,5,674,353,4,490
화,16시-18시,6월,317,2,440,362,2,487,367,4,502
화,16시-18시,7월,296,3,440,269,1,363,365,5,494
화,16시-18시,8월,393,6,535,362,1,494,333,6,445
화,16시-18시,9월,342,6,488,364,3,475,353,5,499
화,16시-18시,10월,349,5,492,379,8,513,384,2,517
화,16시-18시,11월,424,5,559,359,4,530,361,6,450
화,16시-18시,12월,323,5,449,335,5,449,401,6,547
화,18시-20시,전체,4002,44,5488,4102,43,5631,4302,40,5757
화,18시-20시,1월,384,4,511,390,4,528,396,1,542
화,18시-20시,2월,265,2,372,304,2,414,315,4,410
화,18시-20시,3월,318,1,438,282,1,390,283,0,374
화,18시-20시,4월,267,2,349,302,2,415,389,6,504
화,18시-20시,5월,364,3,490,365,3,504,299,1,444
화,18시-20시,6월,270,4,359,265,6,361,291,3,378
화,18시-20시,7월,260,3,371,284,3,376,355,3,477
화,18시-20시,8월,340,1,499,366,2,537,296,4,401
화,18시-20시,9월,343,6,470,349,5,484,300,3,416
화,18시-20시,10월,367,7,490,436,7,561,513,6,676
화,18시-20시,11월,486,8,661,392,4,597,399,7,517
화,18시-20시,12월,338,3,478,367,4,464,466,2,618
화,20시-22시,전체,2608,31,3602,2382,24,3228,2467,29,3308
화,20시-22시,1월,277,1,391,177,2,224,197,1,263
화,20시-22시,2월,194,0,289,157,1,217,187,0,251
화,20시-22시,3월,182,3,253,169,0,222,155,1,193
화,20시-22시,4월,187,2,255,242,1,310,276,4,358
화,20시-22시,5월,253,5,330,228,2,298,230,3,313
화,20시-22시,6월,221,3,297,197,5,264,169,3,223
화,20시-22시,7월,194,2,256,218,5,283,227,3,318
화,20시-22시,8월,236,3,329,225,2,309,205,2,273
화,20시-22시,9월,211,2,302,198,2,256,172,5,264
화,20시-22시,10월,213,4,288,229,1,309,249,1,327
화,20시-22시,11월,244,4,322,170,2,286,192,2,261
화,20시-22시,12월,196,2,290,172,1,250,208,4,264
화,22시-24시,전체,1737,27,2454,1574,21,2210,1568,25,2121
화,22시-24시,1월,117,1,164,144,1,182,133,2,170
화,22시-24시,2월,111,3,164,131,2,197,113,3,158
화,22시-24시,3월,169,2,243,116,1,159,112,0,141
화,22시-24시,4월,145,3,191,164,1,231,178,3,236
화,22시-24시,5월,180,7,266,135,2,208,127,0,174
화,22시-24시,6월,141,1,197,128,2,185,95,2,140
화,22시-24시,7월,127,2,170,158,2,233,169,3,231
화,22시-24시,8월,181,5,256,149,4,203,108,0,138
화,22시-24시,9월,140,0,207,129,1,171,112,1,163
화,22시-24시,10월,109,1,160,105,2,144,161,1,215
화,22시-24시,11월,155,0,211,100,1,130,121,8,155
화,22시-24시,12월,162,2,225,115,2,167,139,2,200
수,00시-02시,전체,894,25,1249,834,21,1178,871,39,1217
수,00시-02시,1월,39,0,66,65,2,90,78,4,104
수,00시-02시,2월,35,2,54,67,1,98,61,2,78
수,00시-02시,3월,69,1,103,93,0,137,62,1,81
수,00시-02시,4월,78,1,107,74,1,106,78,4,122
수,00시-02시,5월,80,2,110,76,0,101,94,5,140
수,00시-02시,6월,125,3,182,71,1,97,57,5,83
수,00시-02시,7월,73,5,101,51,3,78,94,4,123
수,00시-02시,8월,129,3,176,76,0,115,49,4,64
수,00시-02시,9월,56,1,78,73,2,96,70,5,107
수,00시-02시,10월,75,4,97,57,3,70,89,3,124
수,00시-02시,11월,68,0,88,60,5,90,67,2,86
수,00시-02시,12월,67,3,87,71,3,100,72,0,105
수,02시-04시,전체,411,19,553,403,15,559,432,14,597
수,02시-04시,1월,11,0,13,24,0,33,30,2,37
수,02시-04시,2월,13,2,17,30,2,42,38,0,53
수,02시-04시,3월,30,1,39,38,3,53,19,0,35
수,02시-04시,4월,28,5,36,27,3,39,33,1,49
수,02시-04시,5월,38,1,49,31,0,42,59,1,93
수,02시-04시,6월,67,2,81,33,2,41,29,2,35
수,02시-04시,7월,30,3,40,42,0,62,41,0,56
수,02시-04시,8월,52,2,76,49,0,67,38,1,46
수,02시-04시,9월,42,0,72,37,0,53,27,1,31
수,02시-04시,10월,26,2,29,25,2,34,51,2,72
수,02시-04시,11월,40,1,57,29,1,44,38,2,51
수,02시-04시,12월,34,0,44,38,2,49,29,2,39
수,04시-06시,전체,630,30,824,678,28,877,656,29,842
수,04시-06시,1월,49,5,65,49,1,60,48,1,70
수,04시-06시,2월,30,4,36,58,5,67,49,1,64
수,04시-06시,3월,49,1,60,67,6,80,45,3,51
수,04시-06시,4월,43,2,54,56,0,81,58,3,70
수,04시-06시,5월,52,1,70,64,2,85,57,0,89
수,04시-06시,6월,62,2,95,55,1,78,43,1,54
수,04시-06시,7월,47,2,55,43,1,49,57,4,78
수,04시-06시,8월,67,4,91,59,3,75,57,1,72
수,04시-06시,9월,60,2,76,67,3,88,57,5,72
수,04시-06시,10월,50,0,68,47,2,64,81,5,96
수,04시-06시,11월,63,1,79,70,2,91,59,3,67
수,04시-06시,12월,58,6,75,43,2,59,45,2,59
수,06시-08시,전체,1790,38,2473,1919,39,2611,1922,40,2604
수,06시-08시,1월,150,3,206,135,4,193,213,5,270
수,06시-08시,2월,102,4,147,125,2,178,142,6,183
수,06시-08시,3월,122,3,169,159,1,228,150,0,209
수,06시-08시,4월,149,2,196,169,3,236,103,0,135
수,06시-08시,5월,148,1,210,195,1,261,167,2,233
수,06시-08시,6월,155,6,205,139,1,193,161,2,226
수,06시-08시,7월,131,3,217,131,1,178,190,3,274
수,06시-08시,8월,147,2,217,168,3,229,153,3,210
수,06시-08시,9월,149,2,176,177,2,227,139,4,187
수,06시-08시,10월,168,4,234,139,2,194,180,4,263
수,06시-08시,11월,199,3,252,240,14,300,190,7,248
수,06시-08시,12월,170,5,244,142,5,194,134,4,166
수,08시-10시,전체,3468,36,4674,3686,35,5070,3524,33,4728
수,08시-10시,1월,218,1,287,232,2,316,279,8,355
수,08시-10시,2월,130,2,177,224,4,297,211,0,286
수,08시-10시,3월,240,1,320,301,1,455,296,2,418
수,08시-10시,4월,281,1,401,277,2,363,275,3,367
수,08시-10시,5월,326,4,429,439,4,637,288,1,395
수,08시-10시,6월,350,6,481,300,2,389,329,3,430
수,08시-10시,7월,279,3,368,277,2,364,345,1,469
수,08시-10시,8월,311,3,395,327,1,486,320,4,445
수,08시-10시,9월,359,3,473,357,6,483,292,5,392
수,08시-10시,10월,335,2,456,307,4,420,382,1,504
수,08시-10시,11월,335,3,469,389,6,523,295,0,380
수,08시-10시,12월,304,7,418,256,1,337,212,5,287
수,10시-12시,전체,2764,50,3825,3014,51,4132,2943,33,4034
수,10시-12시,1월,215,2,318,208,6,292,265,1,349
수,10시-12시,2월,168,2,236,218,4,328,207,0,278
수,10시-12시,3월,255,5,310,258,4,358,230,0,323
수,10시-12시,4월,210,3,280,227,2,322,204,3,289
수,10시-12시,5월,223,6,295,299,6,430,286,5,375
수,10시-12시,6월,256,5,352,238,7,313,252,3,361
수,10시-12시,7월,227,3,315,248,1,315,269,2,356
수,10시-12시,8월,273,4,401,304,9,421,226,3,301
수,10시-12시,9월,241,4,322,246,0,323,215,2,299
수,10시-12시,10월,211,6,339,251,3,335,309,6,454
수,10시-12시,11월,287,7,388,299,5,402,288,5,391
수,10시-12시,12월,198,3,269,218,4,293,192,3,258
수,12시-14시,전체,2980,35,4177,3072,34,4332,3017,38,4274
수,12시-14시,1월,217,2,303,223,4,322,253,2,346
수,12시-14시,2월,209,2,288,187,0,265,221,2,311
수,12시-14시,3월,250,4,350,262,1,380,215,3,292
수,12시-14시,4월,235,2,345,234,3,312,220,3,321
수,12시-14시,5월,237,2,341,322,6,423,324,4,450
수,12시-14시,6월,300,6,390,238,3,325,240,3,339
수,12시-14시,7월,225,2,314,252,1,368,304,4,466
수,12시-14시,8월,306,1,435,336,2,514,242,5,348
수,12시-14시,9월,240,3,322,256,2,346,237,3,305
수,12시-14시,10월,248,5,398,263,5,362,293,3,410
수,12시-14시,11월,278,6,363,293,4,413,235,3,351
수,12시-14시,12월,235,0,328,206,3,302,233,3,335
수,14시-16시,전체,3278,32,4536,3278,30,4492,3326,33,4662
수,14시-16시,1월,209,2,287,245,1,325,278,1,386
수,14시-16시,2월,206,2,319,207,1,306,237,4,316
수,14시-16시,3월,280,3,384,261,1,351,249,2,362
수,14시-16시,4월,237,2,348,251,2,336,236,3,322
수,14시-16시,5월,297,1,395,368,4,483,349,2,507
수,14시-16시,6월,342,3,480,248,0,347,291,1,379
수,14시-16시,7월,271,4,391,261,5,362,312,5,416
수,14시-16시,8월,312,4,418,316,4,431,236,3,358
수,14시-16시,9월,274,5,377,301,3,421,266,1,380
수,14시-16시,10월,259,3,359,286,3,394,357,1,509
수,14시-16시,11월,349,3,451,317,3,432,297,6,426
수,14시-16시,12월,242,0,327,217,3,304,218,4,301
수,16시-18시,전체,3950,29,5475,4165,30,5786,4107,41,5629
수,16시-18시,1월,247,2,361,266,4,346,295,2,422
수,16시-18시,2월,224,0,312,238,2,340,263,4,348
수,16시-18시,3월,296,4,402,330,1,477,277,3,373
수,16시-18시,4월,314,2,481,323,2,432,278,3,362
수,16시-18시,5월,361,3,493,459,0,676,446,8,611
수,16시-18시,6월,389,2,521,327,5,457,357,1,496
수,16시-18시,7월,296,0,417,346,1,489,432,3,605
수,16시-18시,8월,372,6,533,382,4,544,365,4,503
수,16시-18시,9월,366,2,496,394,3,528,321,3,451
수,16시-18시,10월,337,1,435,322,3,447,434,3,577
수,16시-18시,11월,429,4,570,403,2,527,359,2,493
수,16시-18시,12월,319,3,454,375,3,523,280,5,388
수,18시-20시,전체,4223,40,5802,4271,39,5709,4108,25,5566
수,18시-20시,1월,331,2,444,315,6,432,429,1,608
수,18시-20시,2월,276,5,372,311,2,416,397,2,543
수,18시-20시,3월,312,4,403,336,2,457,315,1,421
수,18시-20시,4월,313,4,405,301,2,397,249,1,329
수,18시-20시,5월,317,0,445,330,0,446,322,2,449
수,18시-20시,6월,353,1,479,278,0,371,296,4,398
수,18시-20시,7월,302,2,424,271,2,343,338,1,463
수,18시-20시,8월,388,4,565,399,2,573,301,1,409
수,18시-20시,9월,335,6,439,436,5,573,349,2,467
수,18시-20시,10월,406,4,575,403,5,516,459,7,620
수,18시-20시,11월,510,6,707,488,10,647,357,1,478
수,18시-20시,12월,380,2,544,403,3,538,296,2,381
수,20시-22시,전체,2704,29,3712,2550,35,3505,2439,25,3320
수,20시-22시,1월,248,3,346,166,1,245,233,1,324
수,20시-22시,2월,245,2,347,164,2,208,229,0,320
수,20시-22시,3월,201,3,238,236,3,334,171,0,224
수,20시-22시,4월,208,3,266,227,2,304,174,1,226
수,20시-22시,5월,230,3,302,243,1,348,248,5,344
수,20시-22시,6월,274,0,412,189,5,266,206,2,285
수,20시-22시,7월,216,5,311,192,2,267,239,4,314
수,20시-22시,8월,254,2,347,258,4,376,207,3,301
수,20시-22시,9월,200,2,270,253,2,331,203,0,277
수,20시-22시,10월,194,1,256,210,4,290,217,7,288
수,20시-22시,11월,223,4,314,205,5,274,158,2,212
수,20시-22시,12월,211,1,303,207,4,262,154,0,205
수,22시-24시,전체,1769,28,2524,1650,29,2367,1618,22,2258
수,22시-24시,1월,119,2,181,122,1,178,174,1,223
수,22시-24시,2월,100,2,132,128,3,173,144,1,214
수,22시-24시,3월,174,4,251,147,1,211,124,1,172
수,22시-24시,4월,156,4,223,132,1,186,102,4,130
수,22시-24시,5월,147,1,203,157,2,214,165,3,237
수,22시-24시,6월,174,4,231,139,4,184,123,1,173
수,22시-24시,7월,153,3,196,127,1,202,161,1,232
수,22시-24시,8월,181,1,295,170,3,248,134,2,205
수,22시-24시,9월,133,3,184,154,2,217,129,0,170
수,22시-24시,10월,124,1,168,107,5,181,137,6,186
수,22시-24시,11월,162,3,238,149,2,219,127,2,173
수,22시-24시,12월,146,0,222,118,4,154,98,0,143
목,00시-02시,전체,909,26,1331,917,27,1322,774,24,1071
목,00시-02시,1월,31,2,40,76,2,116,62,1,93
목,00시-02시,2월,31,0,50,76,1,113,88,0,137
목,00시-02시,3월,62,0,85,95,0,154,55,1,82
목,00시-02시,4월,85,3,133,68,1,92,43,0,62
목,00시-02시,5월,105,3,150,72,2,103,72,4,94
목,00시-02시,6월,116,4,158,92,3,126,67,6,92
목,00시-02시,7월,92,2,147,81,3,117,64,1,87
목,00시-02시,8월,56,4,75,77,6,110,80,5,107
목,00시-02시,9월,85,2,126,84,1,117,64,2,77
목,00시-02시,10월,60,2,89,54,3,71,64,3,88
목,00시-02시,11월,81,2,129,80,4,109,70,0,94
목,00시-02시,12월,105,2,149,62,1,94,45,1,58
목,02시-04시,전체,454,19,621,467,27,655,421,14,574
목,02시-04시,1월,26,1,38,29,1,41,23,1,35
목,02시-04시,2월,19,4,25,35,2,47,56,1,85
목,02시-04시,3월,33,5,34,44,4,57,30,0,47
목,02시-04시,4월,19,0,23,35,3,61,38,1,54
목,02시-04시,5월,50,3,66,36,1,55,40,3,49
목,02시-04시,6월,45,0,60,51,1,74,37,2,45
목,02시-04시,7월,45,2,55,36,2,48,25,1,29
목,02시-04시,8월,39,1,59,61,5,84,45,4,54
목,02시-04시,9월,52,2,78,48,5,61,28,1,35
목,02시-04시,10월,38,0,57,39,0,49,36,0,47
목,02시-04시,11월,29,0,49,25,2,32,32,0,52
목,02시-04시,12월,59,1,77,28,1,46,31,0,42
목,04시-06시,전체,620,31,868,601,31,808,677,28,893
목,04시-06시,1월,35,2,59,42,3,64,57,5,72
목,04시-06시,2월,27,3,35,34,1,44,67,1,77
목,04시-06시,3월,40,1,51,58,8,75,47,1,63
목,04시-06시,4월,40,0,65,40,2,62,38,1,54
목,04시-06시,5월,49,1,74,44,0,62,60,4,88
목,04시-06시,6월,60,2,93,46,2,63,58,1,70
목,04시-06시,7월,56,7,78,48,1,74,57,0,80
목,04시-06시,8월,60,3,79,59,2,76,65,3,86
목,04시-06시,9월,79,2,110,63,4,92,59,5,67
목,04시-06시,10월,61,4,82,60,4,68,73,4,103
목,04시-06시,11월,53,3,62,66,2,78,55,1,80
목,04시-06시,12월,60,3,80,41,2,50,41,2,53
목,06시-08시,전체,1825,25,2443,1929,24,2601,1960,42,2572
목,06시-08시,1월,128,3,175,147,1,199,164,5,226
목,06시-08시,2월,118,3,163,148,0,184,212,5,282
목,06시-08시,3월,122,2,180,176,3,221,129,2,167
목,06시-08시,4월,127,5,157,146,1,214,131,4,179
목,06시-08시,5월,150,2,192,155,4,215,210,4,279
목,06시-08시,6월,175,0,235,178,0,241,160,3,204
목,06시-08시,7월,165,1,226,138,0,179,146,0,200
목,06시-08시,8월,122,0,179,183,3,272,153,4,199
목,06시-08시,9월,181,3,229,165,2,220,146,4,185
목,06시-08시,10월,173,3,226,151,4,208,192,2,249
목,06시-08시,11월,160,1,204,191,4,243,156,4,201
목,06시-08시,12월,204,2,277,151,2,205,161,5,201
목,08시-10시,전체,3443,35,4732,3634,40,5053,3624,24,5030
목,08시-10시,1월,234,2,341,188,0,267,219,2,327
목,08시-10시,2월,232,0,314,210,2,316,244,3,333
목,08시-10시,3월,268,4,344,359,3,511,277,1,386
목,08시-10시,4월,276,2,365,269,3,368,340,1,483
목,08시-10시,5월,246,6,365,347,3,472,440,1,613
목,08시-10시,6월,356,4,472,374,3,510,303,2,428
목,08시-10시,7월,292,3,393,296,7,383,287,1,404
목,08시-10시,8월,221,3,333,322,5,435,304,3,410
목,08시-10시,9월,383,3,520,310,6,408,331,5,453
목,08시-10시,10월,342,3,463,302,3,464,362,5,503
목,08시-10시,11월,276,2,392,375,3,505,254,0,333
목,08시-10시,12월,317,3,430,282,2,414,263,0,357
목,10시-12시,전체,2924,35,3937,2826,33,4050,2898,33,4021
목,10시-12시,1월,259,1,345,188,5,249,204,2,283
목,10시-12시,2월,222,1,305,177,1,256,229,0,315
목,10시-12시,3월,226,1,297,276,4,389,195,4,274
목,10시-12시,4월,211,1,288,206,2,308,216,0,292
목,10시-12시,5월,207,1,299,220,6,313,300,2,429
목,10시-12시,6월,249,9,319,264,2,381,239,6,318
목,10시-12시,7월,233,3,347,245,3,372,209,7,294
목,10시-12시,8월,233,2,305,292,4,438,300,5,461
목,10시-12시,9월,319,5,430,233,0,343,268,1,354
목,10시-12시,10월,263,3,329,242,5,339,327,5,423
목,10시-12시,11월,231,4,329,291,1,393,230,0,318
목,10시-12시,12월,271,4,344,192,0,269,181,1,260
목,12시-14시,전체,3041,42,4158,2985,35,4164,2980,31,4104
목,12시-14시,1월,226,3,298,191,2,241,193,1,273
목,12시-14시,2월,202,4,264,191,5,249,270,1,367
목,12시-14시,3월,231,3,316,269,9,338,208,1,276
목,12시-14시,4월,248,5,342,219,1,317,218,1,316
목,12시-14시,5월,251,2,349,243,4,343,329,1,445
목,12시-14시,6월,283,3,384,327,5,443,227,2,303
목,12시-14시,7월,229,1,300,229,2,319,228,3,327
목,12시-14시,8월,258,7,346,281,2,413,328,7,470
목,12시-14시,9월,333,3,471,244,1,343,225,3,294
목,12시-14시,10월,242,3,358,236,2,352,303,5,424
목,12시-14시,11월,231,4,320,309,1,412,219,2,288
목,12시-14시,12월,307,4,410,246,1,394,232,4,321
목,14시-16시,전체,3349,51,4708,3194,32,4447,3321,44,4695
목,14시-16시,1월,282,2,415,224,2,310,230,5,313
목,14시-16시,2월,230,2,329,191,2,268,314,7,440
목,14시-16시,3월,273,1,365,269,4,361,243,4,325
목,14시-16시,4월,230,4,331,262,2,372,247,3,340
목,14시-16시,5월,250,5,361,277,2,354,359,7,510
목,14시-16시,6월,297,4,421,314,3,422,262,2,388
목,14시-16시,7월,260,7,386,255,1,374,242,2,355
목,14시-16시,8월,262,2,371,327,6,459,319,2,493
목,14시-16시,9월,373,7,512,248,2,382,290,5,386
목,14시-16시,10월,308,7,433,249,2,342,340,3,485
목,14시-16시,11월,272,5,359,321,5,460,219,1,311
목,14시-16시,12월,312,5,425,257,1,343,256,3,349
목,16시-18시,전체,3960,43,5381,3930,29,5381,4080,40,5580
목,16시-18시,1월,235,1,320,224,0,320,277,3,362
목,16시-18시,2월,235,0,320,184,2,265,317,4,450
목,16시-18시,3월,285,2,363,356,3,485,290,1,443
목,16시-18시,4월,307,2,436,313,3,466,365,7,510
목,16시-18시,5월,354,4,514,339,4,422,432,2,590
목,16시-18시,6월,407,7,539,383,5,521,337,7,447
목,16시-18시,7월,327,5,471,307,1,416,303,1,405
목,16시-18시,8월,281,1,397,383,5,535,389,3,547
목,16시-18시,9월,498,6,663,309,1,425,328,3,425
목,16시-18시,10월,329,4,405,322,1,449,402,2,573
목,16시-18시,11월,327,5,447,462,1,628,341,6,442
목,16시-18시,12월,375,6,506,348,3,449,299,1,386
목,18시-20시,전체,4149,38,5603,4233,40,5843,4017,34,5429
목,18시-20시,1월,346,1,486,317,3,447,394,2,539
목,18시-20시,2월,262,2,338,306,4,444,456,5,647
목,18시-20시,3월,344,5,473,375,6,492,296,2,396
목,18시-20시,4월,282,2,356,332,2,465,255,1,327
목,18시-20시,5월,292,1,387,306,1,431,335,4,451
목,18시-20시,6월,407,3,538,320,2,466,233,0,305
목,18시-20시,7월,285,2,366,257,1,342,238,1,312
목,18시-20시,8월,282,3,370,381,5,554,334,8,474
목,18시-20시,9월,423,4,585,309,3,463,339,4,457
목,18시-20시,10월,397,8,531,378,2,538,448,4,612
목,18시-20시,11월,398,2,585,520,8,654,359,2,470
목,18시-20시,12월,431,5,588,432,3,547,330,1,439
목,20시-22시,전체,2691,28,3675,2647,36,3609,2524,26,3448
목,20시-22시,1월,249,3,341,194,1,245,178,0,239
목,20시-22시,2월,224,3,294,176,2,243,257,4,368
목,20시-22시,3월,235,5,299,220,2,319,190,5,251
목,20시-22시,4월,209,6,290,215,3,294,196,1,273
목,20시-22시,5월,201,1,255,216,2,294,265,5,339
목,20시-22시,6월,283,1,400,275,6,364,186,0,250
목,20시-22시,7월,231,2,334,206,2,293,205,3,279
목,20시-22시,8월,178,1,243,260,7,359,257,3,351
목,20시-22시,9월,242,3,323,194,1,263,216,2,311
목,20시-22시,10월,200,2,271,193,4,258,208,2,265
목,20시-22시,11월,185,1,259,257,4,349,178,1,251
목,20시-22시,12월,254,0,366,241,2,328,188,0,271
목,22시-24시,전체,1903,29,2737,1825,37,2548,1523,26,2203
목,22시-24시,1월,142,5,213,156,4,237,116,1,173
목,22시-24시,2월,122,1,183,146,3,210,148,2,248
목,22시-24시,3월,174,4,234,135,3,182,124,2,168
목,22시-24시,4월,146,2,229,114,2,165,125,2,179
목,22시-24시,5월,138,0,192,143,1,198,138,2,199
목,22시-24시,6월,218,3,326,182,5,246,125,2,188
목,22시-24시,7월,141,2,194,144,3,191,114,2,163
목,22시-24시,8월,128,2,184,174,5,230,137,0,199
목,22시-24시,9월,182,6,245,142,3,187,123,6,168
목,22시-24시,10월,142,1,205,133,3,203,121,2,167
목,22시-24시,11월,156,0,226,189,4,274,130,2,187
목,22시-24시,12월,214,3,306,167,1,225,122,3,164
금,00시-02시,전체,994,25,1407,1005,23,1503,835,10,1179
금,00시-02시,1월,48,2,63,79,1,114,60,1,92
금,00시-02시,2월,44,3,71,72,0,125,77,1,102
금,00시-02시,3월,50,1,67,86,0,131,99,0,141
금,00시-02시,4월,105,2,140,77,6,114,57,1,78
금,00시-02시,5월,83,2,128,83,3,118,84,1,130
금,00시-02시,6월,89,1,135,110,1,164,60,1,81
금,00시-02시,7월,114,3,168,75,3,108,76,1,110
금,00시-02시,8월,80,2,106,62,2,90,51,0,65
금,00시-02시,9월,112,6,152,104,2,179,77,0,104
금,00시-02시,10월,68,2,83,68,3,88,65,1,92
금,00시-02시,11월,88,0,114,73,1,102,64,0,102
금,00시-02시,12월,113,1,180,116,1,170,65,3,82
금,02시-04시,전체,460,18,673,488,15,695,446,19,599
금,02시-04시,1월,21,0,33,52,1,73,30,0,45
금,02시-04시,2월,19,0,29,28,0,44,31,0,40
금,02시-04시,3월,16,1,24,44,2,67,49,0,68
금,02시-04시,4월,43,4,58,24,0,36,29,3,38
금,02시-04시,5월,31,2,42,44,2,72,42,2,56
금,02시-04시,6월,46,3,57,34,0,47,43,3,54
금,02시-04시,7월,51,4,71,44,0,66,45,3,63
금,02시-04시,8월,43,1,56,42,2,54,34,2,43
금,02시-04시,9월,70,0,102,48,2,68,50,3,62
금,02시-04시,10월,34,0,43,43,1,64,19,0,25
금,02시-04시,11월,29,1,50,35,1,43,45,1,66
금,02시-04시,12월,57,2,108,50,4,61,29,2,39
금,04시-06시,전체,645,32,913,720,30,972,643,41,868
금,04시-06시,1월,44,4,65,53,5,60,44,2,64
금,04시-06시,2월,31,1,43,64,5,83,55,0,88
금,04시-06시,3월,37,0,42,65,2,81,67,6,84
금,04시-06시,4월,72,3,90,50,4,79,44,2,66
금,04시-06시,5월,54,0,77,54,2,72,59,2,82
금,04시-06시,6월,50,2,67,51,2,71,34,3,49
금,04시-06시,7월,44,4,60,51,3,67,28,1,40
금,04시-06시,8월,47,4,72,52,0,72,58,7,68
금,04시-06시,9월,93,8,145,81,0,103,64,5,73
금,04시-06시,10월,66,3,93,63,3,81,60,5,64
금,04시-06시,11월,48,0,72,75,3,99,79,3,130
금,04시-06시,12월,59,3,87,61,1,104,51,5,60
금,06시-08시,전체,1692,29,2188,1938,33,2752,2007,34,2689
금,06시-08시,1월,141,4,175,166,4,233,137,3,167
금,06시-08시,2월,130,1,174,142,1,173,142,4,183
금,06시-08시,3월,82,1,128,169,3,243,177,2,248
금,06시-08시,4월,158,2,207,164,2,242,152,1,199
금,06시-08시,5월,148,2,192,136,0,204,189,2,250
금,06시-08시,6월,122,3,160,169,4,232,163,2,228
금,06시-08시,7월,155,1,193,142,0,186,134,1,215
금,06시-08시,8월,125,3,170,157,4,194,191,1,248
금,06시-08시,9월,159,1,205,178,4,254,163,4,206
금,06시-08시,10월,177,2,237,140,2,180,169,2,231
금,06시-08시,11월,140,1,175,160,6,319,222,8,307
금,06시-08시,12월,155,8,172,215,3,292,168,4,207
금,08시-10시,전체,3479,34,4721,3554,40,4859,3679,41,5011
금,08시-10시,1월,246,1,331,214,0,300,237,1,334
금,08시-10시,2월,224,3,302,215,2,299,204,3,289
금,08시-10시,3월,190,1,252,361,5,508,340,5,488
금,08시-10시,4월,361,3,514,302,1,379,292,4,380
금,08시-10시,5월,285,4,384,267,4,363,406,4,558
금,08시-10시,6월,296,3,384,339,3,440,345,5,453
금,08시-10시,7월,372,7,507,254,3,369,259,5,339
금,08시-10시,8월,254,2,361,299,4,395,371,3,490
금,08시-10시,9월,339,3,441,335,3,470,319,3,447
금,08시-10시,10월,321,2,416,309,7,413,323,4,446
금,08시-10시,11월,300,2,400,311,4,461,356,3,474
금,08시-10시,12월,291,3,429,348,4,462,227,1,313
금,10시-12시,전체,3110,41,4232,3189,41,4325,3119,34,4318
금,10시-12시,1월,262,1,348,240,2,330,193,2,254
금,10시-12시,2월,243,1,332,195,2,276,215,0,315
금,10시-12시,3월,164,3,214,298,5,395,259,4,360
금,10시-12시,4월,256,5,351,208,2,275,224,3,320
금,10시-12시,5월,261,0,335,246,3,326,327,2,456
금,10시-12시,6월,250,4,358,334,5,442,251,1,379
금,10시-12시,7월,307,3,447,240,0,322,247,1,334
금,10시-12시,8월,267,4,352,277,8,382,347,9,471
금,10시-12시,9월,310,8,449,284,4,403,281,4,367
금,10시-12시,10월,237,4,323,272,3,359,273,3,370
금,10시-12시,11월,278,5,358,259,4,351,307,4,417
금,10시-12시,12월,275,3,365,336,3,464,195,1,275
금,12시-14시,전체,3295,53,4603,3372,40,4789,3430,31,4826
금,12시-14시,1월,295,1,411,222,4,303,254,1,361
금,12시-14시,2월,211,5,294,190,3,251,232,1,363
금,12시-14시,3월,214,2,290,305,2,379,331,2,483
금,12시-14시,4월,304,3,424,241,1,326,276,6,382
금,12시-14시,5월,264,5,361,293,5,425,307,3,409
금,12시-14시,6월,232,4,313,324,4,546,294,3,417
금,12시-14시,7월,341,6,496,314,3,433,253,6,346
금,12시-14시,8월,264,1,351,276,8,408,374,1,569
금,12시-14시,9월,337,5,501,350,6,553,290,2,379
금,12시-14시,10월,290,9,406,266,0,354,283,2,391
금,12시-14시,11월,239,6,320,273,2,376,317,2,427
금,12시-14시,12월,304,6,436,318,2,435,219,2,299
금,14시-16시,전체,3525,42,5031,3696,36,5180,3740,33,5238
금,14시-16시,1월,281,3,384,280,3,394,257,2,361
금,14시-16시,2월,221,2,304,222,3,313,228,2,305
금,14시-16시,3월,207,1,298,323,4,409,329,1,473
금,14시-16시,4월,351,3,504,309,1,463,324,3,442
금,14시-16시,5월,305,2,435,244,2,345,392,5,539
금,14시-16시,6월,260,1,348,377,5,532,307,1,437
금,14시-16시,7월,339,2,497,285,1,394,291,3,414
금,14시-16시,8월,272,8,413,306,2,437,392,7,567
금,14시-16시,9월,377,7,564,354,5,515,307,1,426
금,14시-16시,10월,281,5,379,281,2,355,300,3,453
금,14시-16시,11월,312,8,443,319,5,443,370,1,508
금,14시-16시,12월,319,0,462,396,3,580,243,4,313
금,16시-18시,전체,4491,33,6356,4708,42,6584,4746,49,6711
금,16시-18시,1월,306,1,455,316,2,439,291,3,428
금,16시-18시,2월,245,3,333,286,2,394,282,2,388
금,16시-18시,3월,241,1,332,415,7,555,391,4,566
금,16시-18시,4월,426,2,639,383,2,546,381,1,527
금,16시-18시,5월,413,1,583,356,4,512,547,4,793
금,16시-18시,6월,374,2,504,495,4,696,421,6,634
금,16시-18시,7월,453,3,670,384,4,543,382,5,533
금,16시-18시,8월,350,3,506,414,2,567,509,4,752
금,16시-18시,9월,456,2,664,479,4,725,398,3,534
금,16시-18시,10월,381,6,511,383,5,508,334,1,457
금,16시-18시,11월,395,7,534,366,4,489,497,13,671
금,16시-18시,12월,451,2,625,431,2,610,313,3,428
금,18시-20시,전체,4821,39,6721,4873,40,6803,4688,47,6325
금,18시-20시,1월,468,1,636,381,4,560,391,4,557
금,18시-20시,2월,322,4,453,355,5,475,323,4,475
금,18시-20시,3월,285,3,401,457,5,623,413,4,561
금,18시-20시,4월,434,2,590,363,2,510,327,4,426
금,18시-20시,5월,373,3,542,299,2,447,358,1,489
금,18시-20시,6월,301,3,411,416,2,564,329,7,450
금,18시-20시,7월,396,4,586,310,3,414,297,3,387
금,18시-20시,8월,347,3,474,351,2,482,411,5,561
금,18시-20시,9월,471,1,632,479,3,735,415,3,542
금,18시-20시,10월,465,6,630,446,5,624,455,5,624
금,18시-20시,11월,469,5,647,454,3,621,565,5,743
금,18시-20시,12월,490,4,719,562,4,748,404,2,510
금,20시-22시,전체,3114,41,4431,3012,33,4120,2812,28,4027
금,20시-22시,1월,327,3,445,198,3,266,223,2,298
금,20시-22시,2월,239,3,342,204,3,290,170,4,251
금,20시-22시,3월,244,4,369,269,1,372,271,2,388
금,20시-22시,4월,296,10,433,279,0,379,232,2,343
금,20시-22시,5월,230,4,353,226,2,311,279,5,396
금,20시-22시,6월,220,1,315,272,3,363,243,2,336
금,20시-22시,7월,316,5,438,244,4,329,232,0,339
금,20시-22시,8월,222,4,324,267,4,389,258,3,389
금,20시-22시,9월,279,1,402,272,3,372,293,2,417
금,20시-22시,10월,253,2,339,232,2,312,186,3,266
금,20시-22시,11월,228,3,293,228,3,313,245,0,342
금,20시-22시,12월,260,1,378,321,5,424,180,3,262
금,22시-24시,전체,2319,35,3318,2259,26,3224,1975,34,2724
금,22시-24시,1월,142,2,206,186,4,291,140,1,191
금,22시-24시,2월,146,1,205,175,1,266,129,3,186
금,22시-24시,3월,275,2,395,193,1,261,180,7,231
금,22시-24시,4월,232,1,335,168,2,252,136,2,193
금,22시-24시,5월,187,2,251,175,2,255,202,3,268
금,22시-24시,6월,165,2,243,208,1,269,157,5,220
금,22시-24시,7월,241,3,358,186,2,277,174,3,253
금,22시-24시,8월,153,4,211,181,1,266,195,1,288
금,22시-24시,9월,220,6,315,207,7,279,171,4,237
금,22시-24시,10월,154,5,216,164,4,223,137,1,183
금,22시-24시,11월,158,3,222,162,0,226,198,1,260
금,22시-24시,12월,246,4,361,254,1,359,156,3,214
토,00시-02시,전체,1351,19,2062,1325,27,1956,1258,34,1853
토,00시-02시,1월,72,0,118,103,2,157,94,2,123
토,00시-02시,2월,66,1,89,113,2,186,97,2,155
토,00시-02시,3월,86,4,118,89,1,134,94,2,143
토,00시-02시,4월,158,1,245,148,3,200,91,2,127
토,00시-02시,5월,91,0,134,77,0,107,110,9,162
토,00시-02시,6월,120,2,184,79,2,118,121,2,195
토,00시-02시,7월,139,1,207,146,6,213,103,5,149
토,00시-02시,8월,96,0,151,96,0,143,119,1,173
토,00시-02시,9월,112,2,178,125,4,186,101,1,134
토,00시-02시,10월,141,5,194,94,2,130,96,1,144
토,00시-02시,11월,102,2,163,100,5,137,127,4,182
토,00시-02시,12월,168,1,281,155,0,245,105,3,166
토,02시-04시,전체,790,24,1138,827,17,1189,723,18,1038
토,02시-04시,1월,34,0,52,60,0,96,48,0,98
토,02시-04시,2월,36,2,45,58,1,100,48,1,72
토,02시-04시,3월,31,0,51,56,1,74,76,3,100
토,02시-04시,4월,51,0,70,79,2,108,63,1,88
토,02시-04시,5월,86,5,138,77,2,98,48,3,62
토,02시-04시,6월,82,3,109,72,1,102,81,0,115
토,02시-04시,7월,92,2,131,100,1,139,54,1,79
토,02시-04시,8월,80,3,107,60,2,75,66,5,94
토,02시-04시,9월,69,2,100,73,1,117,62,0,85
토,02시-04시,10월,93,5,127,68,4,98,52,1,72
토,02시-04시,11월,62,2,84,49,2,67,64,2,87
토,02시-04시,12월,74,0,124,75,0,115,61,1,86
토,04시-06시,전체,723,26,1048,778,29,1087,749,31,1014
토,04시-06시,1월,48,1,68,52,1,69,58,2,86
토,04시-06시,2월,24,1,27,54,2,69,41,2,50
토,04시-06시,3월,38,2,47,49,3,70,75,1,107
토,04시-06시,4월,54,3,77,74,2,111,55,1,69
토,04시-06시,5월,58,2,66,60,1,92,61,0,81
토,04시-06시,6월,54,3,71,49,0,65,62,2,86
토,04시-06시,7월,72,4,104,80,2,114,68,6,85
토,04시-06시,8월,69,1,98,78,6,98,75,8,102
토,04시-06시,9월,75,2,134,73,6,105,62,0,84
토,04시-06시,10월,85,2,128,60,0,82,66,4,94
토,04시-06시,11월,66,1,115,73,3,105,61,4,86
토,04시-06시,12월,80,4,113,76,3,107,65,1,84
토,06시-08시,전체,1144,30,1575,1165,27,1657,1129,22,1581
토,06시-08시,1월,111,3,168,94,2,129,91,2,122
토,06시-08시,2월,67,1,87,96,6,147,84,1,102
토,06시-08시,3월,52,3,70,69,0,84,111,2,152
토,06시-08시,4월,89,2,116,90,0,115,75,2,103
토,06시-08시,5월,83,1,121,80,1,133,91,0,137
토,06시-08시,6월,106,3,149,97,2,138,110,1,151
토,06시-08시,7월,113,2,157,118,3,147,74,1,101
토,06시-08시,8월,82,3,100,77,4,112,95,0,121
토,06시-08시,9월,95,0,153,104,2,155,105,3,172
토,06시-08시,10월,136,8,164,98,2,135,87,5,124
토,06시-08시,11월,78,1,109,114,2,189,122,4,180
토,06시-08시,12월,132,3,181,128,3,173,84,1,116
토,08시-10시,전체,2052,28,3181,2104,28,3156,2120,25,3209
토,08시-10시,1월,145,0,232,126,2,184,126,2,188
토,08시-10시,2월,110,2,159,130,1,192,110,1,153
토,08시-10시,3월,116,0,190,132,0,205,188,2,281
토,08시-10시,4월,202,4,316,221,0,293,180,1,278
토,08시-10시,5월,176,0,286,176,2,251,192,1,288
토,08시-10시,6월,184,3,266,187,1,292,186,3,270
토,08시-10시,7월,218,3,288,197,3,303,167,1,222
토,08시-10시,8월,159,5,220,193,3,303,228,6,381
토,08시-10시,9월,170,6,256,220,5,343,171,1,255
토,08시-10시,10월,224,1,349,176,6,271,186,1,284
토,08시-10시,11월,171,1,288,176,0,262,241,3,411
토,08시-10시,12월,177,3,331,170,5,257,145,3,198
토,10시-12시,전체,3263,30,5149,3336,40,5270,3379,31,5603
토,10시-12시,1월,250,4,378,178,3,276,213,2,351
토,10시-12시,2월,166,4,251,202,3,313,204,0,367
토,10시-12시,3월,207,1,302,239,3,322,299,3,455
토,10시-12시,4월,313,4,459,342,2,579,293,6,501
토,10시-12시,5월,278,4,441,272,1,474,258,3,457
토,10시-12시,6월,321,2,523,274,2,400,312,2,507
토,10시-12시,7월,307,3,478,314,6,508,242,1,383
토,10시-12시,8월,248,0,409,285,8,447,371,1,582
토,10시-12시,9월,275,2,466,368,2,598,313,4,509
토,10시-12시,10월,372,5,638,265,4,411,327,5,579
토,10시-12시,11월,273,0,418,283,3,459,334,3,547
토,10시-12시,12월,253,1,386,314,3,483,213,1,365
토,12시-14시,전체,3834,37,6095,3762,26,5892,3754,35,6054
토,12시-14시,1월,312,4,489,228,1,346,248,1,424
토,12시-14시,2월,233,0,343,230,0,352,222,2,396
토,12시-14시,3월,239,1,359,299,3,427,358,2,579
토,12시-14시,4월,390,5,577,378,2,571,306,4,513
토,12시-14시,5월,332,5,529,316,5,542,329,3,509
토,12시-14시,6월,292,3,468,321,3,509,416,3,678
토,12시-14시,7월,370,3,633,344,0,531,285,2,448
토,12시-14시,8월,332,2,544,299,1,500,367,2,579
토,12시-14시,9월,305,5,487,387,5,619,291,5,436
토,12시-14시,10월,398,4,640,304,3,473,315,7,525
토,12시-14시,11월,280,2,478,304,3,528,361,2,550
토,12시-14시,12월,351,3,548,352,0,494,256,2,417
토,14시-16시,전체,3473,30,5700,3444,34,5521,3477,34,5780
토,14시-16시,1월,275,3,427,166,2,241,239,1,381
토,14시-16시,2월,211,5,329,222,0,337,216,0,382
토,14시-16시,3월,197,3,304,272,3,436,324,7,524
토,14시-16시,4월,389,0,628,358,7,598,311,2,535
토,14시-16시,5월,314,0,513,301,2,496,301,4,507
토,14시-16시,6월,271,2,429,302,1,484,357,4,629
토,14시-16시,7월,329,3,547,315,2,528,267,2,414
토,14시-16시,8월,282,3,491,243,1,388,330,0,531
토,14시-16시,9월,268,1,449,342,5,573,268,2,445
토,14시-16시,10월,358,5,626,300,5,461,304,4,533
토,14시-16시,11월,286,1,472,276,5,436,352,3,561
토,14시-16시,12월,293,4,485,347,1,543,208,5,338
토,16시-18시,전체,3686,46,5789,3472,31,5609,3621,29,5652
토,16시-18시,1월,325,3,494,195,0,296,238,3,360
토,16시-18시,2월,212,1,317,222,0,376,209,1,354
토,16시-18시,3월,223,5,314,254,2,355,327,2,505
토,16시-18시,4월,396,2,628,360,3,596,329,2,533
토,16시-18시,5월,311,4,527,252,3,391,312,0,480
토,16시-18시,6월,286,2,455,280,3,454,369,3,534
토,16시-18시,7월,333,8,504,361,5,589,270,4,419
토,16시-18시,8월,267,1,459,270,2,481,352,3,558
토,16시-18시,9월,252,3,404,370,4,618,256,1,390
토,16시-18시,10월,402,9,667,288,2,469,317,2,504
토,16시-18시,11월,330,5,467,291,6,466,415,6,671
토,16시-18시,12월,349,3,553,329,1,518,227,2,344
토,18시-20시,전체,3492,34,5161,3298,28,4978,3332,34,4890
토,18시-20시,1월,360,3,504,273,2,399,286,5,446
토,18시-20시,2월,247,4,357,215,1,300,270,3,399
토,18시-20시,3월,216,3,307,226,2,336,301,3,440
토,18시-20시,4월,311,1,493,297,1,445,253,3,355
토,18시-20시,5월,237,2,334,215,3,323,235,3,358
토,18시-20시,6월,222,1,331,215,1,326,260,2,371
토,18시-20시,7월,281,2,407,269,2,410,204,4,276
토,18시-20시,8월,254,4,393,231,6,358,287,2,433
토,18시-20시,9월,250,1,355,341,1,534,269,4,398
토,18시-20시,10월,417,5,638,310,6,455,306,4,435
토,18시-20시,11월,360,4,533,322,0,511,396,0,569
토,18시-20시,12월,337,4,509,384,3,581,265,1,410
토,20시-22시,전체,2864,43,4351,2569,21,3800,2490,26,3696
토,20시-22시,1월,345,10,518,148,1,236,194,2,259
토,20시-22시,2월,214,2,325,198,1,307,183,2,296
토,20시-22시,3월,183,2,262,203,1,276,196,0,296
토,20시-22시,4월,243,1,373,230,2,341,209,3,317
토,20시-22시,5월,225,1,327,257,4,388,204,1,322
토,20시-22시,6월,223,7,340,212,1,317,270,9,409
토,20시-22시,7월,290,6,416,272,5,403,195,2,292
토,20시-22시,8월,201,1,309,195,1,286,238,0,331
토,20시-22시,9월,187,2,296,244,2,351,212,3,309
토,20시-22시,10월,297,5,478,215,1,303,193,1,311
토,20시-22시,11월,214,2,329,156,0,226,236,0,327
토,20시-22시,12월,242,4,378,239,2,366,160,3,227
토,22시-24시,전체,2054,51,3042,1699,30,2509,1630,17,2476
토,22시-24시,1월,142,2,205,123,5,185,147,1,237
토,22시-24시,2월,140,3,208,132,2,196,107,2,176
토,22시-24시,3월,197,5,287,115,3,164,143,0,205
토,22시-24시,4월,210,3,307,164,4,246,141,3,204
토,22시-24시,5월,160,3,245,125,0,173,135,1,210
토,22시-24시,6월,170,6,250,137,2,211,186,1,284
토,22시-24시,7월,206,6,293,180,1,263,111,0,196
토,22시-24시,8월,145,5,206,138,1,203,148,2,214
토,22시-24시,9월,136,3,220,164,2,237,98,1,141
토,22시-24시,10월,202,7,291,131,2,188,140,2,201
토,22시-24시,11월,165,2,245,111,4,167,157,2,230
토,22시-24시,12월,181,6,285,179,4,276,117,2,178
